id;sentencas;documento
1;"['Eu não tinha este rosto de hoje, Assim calmo, assim triste, assim magro, Nem estes olhos tão vazios, Nem o lábio amargo.', 'Eu não tinha estas mãos sem força, Tão paradas e frias e mortas;', 'Eu não tinha este coração Que nem se mostra.', 'Eu não dei por esta mudança, Tão simples, tão certa, tão fácil: -', 'Em que espelho ficou perdida', 'A minha face?']";"Eu não tinha este rosto de hoje, Assim calmo, assim triste, assim magro, Nem estes olhos tão vazios, Nem o lábio amargo. Eu não tinha estas mãos sem força, Tão paradas e frias e mortas; Eu não tinha este coração Que nem se mostra. Eu não dei por esta mudança, Tão simples, tão certa, tão fácil: - Em que espelho ficou perdida A minha face?"
2;['Para ser grande, sê inteiro:', 'nada', 'Teu exagera ou exclui.', 'Sê todo em cada coisa.', 'Põe quanto és', 'No mínimo que fazes.', 'Assim em cada lago a lua toda Brilha, porque alta vive.'];Para ser grande, sê inteiro: nada Teu exagera ou exclui. Sê todo em cada coisa. Põe quanto és No mínimo que fazes. Assim em cada lago a lua toda Brilha, porque alta vive.
4;['João amava Teresa que amava Raimundo que amava Maria que amava Joaquim que amava Lili que não amava ninguém.', 'João foi para os Estados Unidos, Teresa para o convento, Raimundo morreu de desastre, Maria ficou pra tia, Joaquim suicidou-se e Lili casou com J. Pinto Fernandes que não tinha entrado na história.'];João amava Teresa que amava Raimundo que amava Maria que amava Joaquim que amava Lili que não amava ninguém. João foi para os Estados Unidos, Teresa para o convento, Raimundo morreu de desastre, Maria ficou pra tia, Joaquim suicidou-se e Lili casou com J. Pinto Fernandes que não tinha entrado na história.
5;['É urgente o amor.', 'É urgente um barco no mar.', 'É urgente destruir certas palavras, ódio, solidão e crueldade, alguns lamentos, muitas espadas.', 'É urgente inventar alegria, multiplicar os beijos, as searas, é urgente descobrir rosas e rios e manhãs claras.', 'Cai o silêncio nos ombros e a luz impura, até doer.', 'É urgente o amor, é urgente permanecer.'];É urgente o amor. É urgente um barco no mar. É urgente destruir certas palavras, ódio, solidão e crueldade, alguns lamentos, muitas espadas. É urgente inventar alegria, multiplicar os beijos, as searas, é urgente descobrir rosas e rios e manhãs claras. Cai o silêncio nos ombros e a luz impura, até doer. É urgente o amor, é urgente permanecer.
6;['Não precisa ser homem, basta ser humano, basta ter sentimentos, basta ter coração.', 'Precisa saber falar e calar, sobretudo saber ouvir.', 'Tem que gostar de poesia, de madrugada, de pássaro, de sol, da lua, do canto, dos ventos e das canções da brisa.', 'Deve ter amor, um grande amor por alguém, ou então sentir falta de não ter esse amor..', 'Deve amar o próximo e respeitar a dor que os passantes levam consigo.', 'Deve guardar segredo sem se sacrificar.', 'Não é preciso que seja de primeira mão, nem é imprescindível que seja de segunda mão.', 'Pode já ter sido enganado, pois todos os amigos são enganados.', 'Não é preciso que seja puro, nem que seja todo impuro, mas não deve ser vulgar.', 'Deve ter um ideal e medo de perdê-lo e, no caso de assim não ser, deve sentir o grande vácuo que isso deixa.', 'Tem que ter ressonâncias humanas, seu principal objetivo deve ser o de amigo.', 'Deve sentir pena das pessoa tristes e compreender o imenso vazio dos solitários.', 'Deve gostar de crianças e lastimar as que não puderam nascer.', 'Procura-se um amigo para gostar dos mesmos gostos, que se comova, quando chamado de amigo.', 'Que saiba conversar de coisas simples, de orvalhos, de grandes chuvas e das recordações de infância.', 'Precisa-se de um amigo para não se enlouquecer, para contar o que se viu de belo e triste durante o dia, dos anseios e das realizações, dos sonhos e da realidade.', 'Deve gostar de ruas desertas, de poças de água e de caminhos molhados, de beira de estrada, de mato depois da chuva, de se deitar no capim.', 'Precisa-se de um amigo que diga que vale a pena viver, não porque a vida é bela, mas porque já se tem um amigo.', 'Precisa-se de um amigo para se parar de chorar.', 'Para não se viver debruçado no passado em busca de memórias perdidas.', 'Que nos bata nos ombros sorrindo ou chorando, mas que nos chame de amigo, para ter-se a consciência de que ainda se vive.'];Não precisa ser homem, basta ser humano, basta ter sentimentos, basta ter coração. Precisa saber falar e calar, sobretudo saber ouvir. Tem que gostar de poesia, de madrugada, de pássaro, de sol, da lua, do canto, dos ventos e das canções da brisa. Deve ter amor, um grande amor por alguém, ou então sentir falta de não ter esse amor.. Deve amar o próximo e respeitar a dor que os passantes levam consigo. Deve guardar segredo sem se sacrificar. Não é preciso que seja de primeira mão, nem é imprescindível que seja de segunda mão. Pode já ter sido enganado, pois todos os amigos são enganados. Não é preciso que seja puro, nem que seja todo impuro, mas não deve ser vulgar. Deve ter um ideal e medo de perdê-lo e, no caso de assim não ser, deve sentir o grande vácuo que isso deixa. Tem que ter ressonâncias humanas, seu principal objetivo deve ser o de amigo. Deve sentir pena das pessoa tristes e compreender o imenso vazio dos solitários. Deve gostar de crianças e lastimar as que não puderam nascer. Procura-se um amigo para gostar dos mesmos gostos, que se comova, quando chamado de amigo. Que saiba conversar de coisas simples, de orvalhos, de grandes chuvas e das recordações de infância. Precisa-se de um amigo para não se enlouquecer, para contar o que se viu de belo e triste durante o dia, dos anseios e das realizações, dos sonhos e da realidade. Deve gostar de ruas desertas, de poças de água e de caminhos molhados, de beira de estrada, de mato depois da chuva, de se deitar no capim. Precisa-se de um amigo que diga que vale a pena viver, não porque a vida é bela, mas porque já se tem um amigo. Precisa-se de um amigo para se parar de chorar. Para não se viver debruçado no passado em busca de memórias perdidas. Que nos bata nos ombros sorrindo ou chorando, mas que nos chame de amigo, para ter-se a consciência de que ainda se vive.
7;['Ó mar salgado, quanto do teu sal São lágrimas de Portugal!', 'Por te cruzarmos, quantas mães choraram, Quantos filhos em vão rezaram!', 'Quantas noivas ficaram por casar Para que fosses nosso, ó mar!', 'Valeu a pena?', 'Tudo vale a pena', 'Se a alma não é pequena.', 'Quem quer passar além do Bojador Tem que passar além da dor.', 'Deus ao mar o perigo e o abismo deu, Mas nele é que espelhou o céu.'];Ó mar salgado, quanto do teu sal São lágrimas de Portugal! Por te cruzarmos, quantas mães choraram, Quantos filhos em vão rezaram! Quantas noivas ficaram por casar Para que fosses nosso, ó mar! Valeu a pena? Tudo vale a pena Se a alma não é pequena. Quem quer passar além do Bojador Tem que passar além da dor. Deus ao mar o perigo e o abismo deu, Mas nele é que espelhou o céu.
8;['Eu sei e você sabe Já que a vida quis assim Que nada nesse mundo levará você de mim', 'Eu sei e você sabe Que a distância não existe Que todo grande amor', 'Só é bem grande se for triste Por isso', 'meu amor Não tenha medo de sofrer Que todos os caminhos Me encaminham a você.', 'Assim como o Oceano, só é belo com o luar', 'Assim como a Canção, só tem razão se se cantar Assim como uma nuvem, só acontece se chover Assim como o poeta, só é bem grande se sofrer Assim como viver sem ter amor, não é viver Não há você sem mim', 'E eu não existo sem você!'];Eu sei e você sabe Já que a vida quis assim Que nada nesse mundo levará você de mim Eu sei e você sabe Que a distância não existe Que todo grande amor Só é bem grande se for triste Por isso meu amor Não tenha medo de sofrer Que todos os caminhos Me encaminham a você. Assim como o Oceano, só é belo com o luar Assim como a Canção, só tem razão se se cantar Assim como uma nuvem, só acontece se chover Assim como o poeta, só é bem grande se sofrer Assim como viver sem ter amor, não é viver Não há você sem mim E eu não existo sem você!
10;['João Gostoso era carregador de feira livre e morava no morro da Babilônia num barracão sem número', 'Uma noite ele chegou no bar Vinte de Novembro', 'Bebeu', 'Cantou Dançou Depois se atirou na lagoa', 'Rodrigo de Freitas e morreu afogado.'];João Gostoso era carregador de feira livre e morava no morro da Babilônia num barracão sem número Uma noite ele chegou no bar Vinte de Novembro Bebeu Cantou Dançou Depois se atirou na lagoa Rodrigo de Freitas e morreu afogado.
11;['Porque os outros se mascaram mas tu não Porque os outros usam a virtude Para comprar o que não tem perdão.', 'Porque os outros têm medo mas tu não.', 'Porque os outros são os túmulos caiados Onde germina calada a podridão.', 'Porque os outros se calam mas tu não.', 'Porque os outros se compram e se vendem E os seus gestos dão sempre dividendo.', 'Porque os outros são hábeis mas tu não.', 'Porque os outros vão à sombra dos abrigos E tu vais de mãos dadas com os perigos.', 'Porque os outros calculam mas tu não.'];Porque os outros se mascaram mas tu não Porque os outros usam a virtude Para comprar o que não tem perdão. Porque os outros têm medo mas tu não. Porque os outros são os túmulos caiados Onde germina calada a podridão. Porque os outros se calam mas tu não. Porque os outros se compram e se vendem E os seus gestos dão sempre dividendo. Porque os outros são hábeis mas tu não. Porque os outros vão à sombra dos abrigos E tu vais de mãos dadas com os perigos. Porque os outros calculam mas tu não.
12;['De palavra em palavra a noite sobe aos ramos mais altos e canta o êxtase do dia.'];De palavra em palavra a noite sobe aos ramos mais altos e canta o êxtase do dia.
13;['meu amor se esparrama na grama', 'Meu amor se esparrama na cama meu amor se espreguiça meu amor deita e rola no planeta.'];meu amor se esparrama na grama Meu amor se esparrama na cama meu amor se espreguiça meu amor deita e rola no planeta.
14;['Houve um tempo em que minha janela se abria sobre uma cidade que parecia ser feita de giz.', 'Perto da janela havia um pequeno jardim quase seco.', 'Era uma época de estiagem, de terra esfarelada, e o jardim parecia morto.', 'Mas todas as manhãs vinha um pobre com um balde, e, em silêncio, ia atirando com a mão umas gotas de água sobre as plantas.', 'Não era uma rega: era uma espécie de aspersão ritual, para que o jardim não morresse.', 'E eu olhava para as plantas, para o homem, para as gotas de água que caíam de seus dedos magros e meu coração ficava completamente feliz.', 'Às vezes abro a janela e encontro o jasmineiro em flor.', 'Outras vezes encontro nuvens espessas.', 'Avisto crianças que vão para a escola.', 'Pardais que pulam pelo muro.', 'Gatos que abrem e fecham os olhos, sonhando com pardais.', 'Borboletas brancas, duas a duas, como refletidas no espelho do ar.', 'Marimbondos que sempre me parecem personagens de Lope de Vega.', 'Ás vezes, um galo canta.', 'Às vezes, um avião passa.', 'Tudo está certo, no seu lugar, cumprindo o seu destino.', 'E eu me sinto completamente feliz.', 'Mas, quando falo dessas pequenas felicidades certas, que estão diante de cada janela, uns dizem que essas coisas não existem, outros que só existem diante das minhas janelas, e outros, finalmente, que é preciso aprender a olhar, para poder vê-las assim.'];Houve um tempo em que minha janela se abria sobre uma cidade que parecia ser feita de giz. Perto da janela havia um pequeno jardim quase seco. Era uma época de estiagem, de terra esfarelada, e o jardim parecia morto. Mas todas as manhãs vinha um pobre com um balde, e, em silêncio, ia atirando com a mão umas gotas de água sobre as plantas. Não era uma rega: era uma espécie de aspersão ritual, para que o jardim não morresse. E eu olhava para as plantas, para o homem, para as gotas de água que caíam de seus dedos magros e meu coração ficava completamente feliz. Às vezes abro a janela e encontro o jasmineiro em flor. Outras vezes encontro nuvens espessas. Avisto crianças que vão para a escola. Pardais que pulam pelo muro. Gatos que abrem e fecham os olhos, sonhando com pardais. Borboletas brancas, duas a duas, como refletidas no espelho do ar. Marimbondos que sempre me parecem personagens de Lope de Vega. Ás vezes, um galo canta. Às vezes, um avião passa. Tudo está certo, no seu lugar, cumprindo o seu destino. E eu me sinto completamente feliz. Mas, quando falo dessas pequenas felicidades certas, que estão diante de cada janela, uns dizem que essas coisas não existem, outros que só existem diante das minhas janelas, e outros, finalmente, que é preciso aprender a olhar, para poder vê-las assim.
15;['Sei um ninho.', 'E o ninho tem um ovo.', 'E o ovo, redondinho, Tem lá dentro um passarinho Novo.', 'Mas escusam de me atentar:', 'Nem o tiro, nem o ensino.', 'Quero ser um bom menino E guardar Este segredo comigo.', 'E ter depois um amigo Que faça o pino', 'A voar...'];Sei um ninho. E o ninho tem um ovo. E o ovo, redondinho, Tem lá dentro um passarinho Novo. Mas escusam de me atentar: Nem o tiro, nem o ensino. Quero ser um bom menino E guardar Este segredo comigo. E ter depois um amigo Que faça o pino A voar...
16;['O que me tranquiliza é que tudo o que existe, existe com uma precisão absoluta.', 'O que for do tamanho de uma cabeça de alfinete não transborda nem uma fração de milímetro além do tamanho de uma cabeça de alfinete.', 'Tudo o que existe é de uma grande exatidão.', 'Pena é que a maior parte do que existe com essa exatidão nos é tecnicamente invisível.', 'O bom é que a verdade chega a nós como um sentido secreto das coisas.', 'Nós terminamos adivinhando, confusos, a perfeição.'];O que me tranquiliza é que tudo o que existe, existe com uma precisão absoluta. O que for do tamanho de uma cabeça de alfinete não transborda nem uma fração de milímetro além do tamanho de uma cabeça de alfinete. Tudo o que existe é de uma grande exatidão. Pena é que a maior parte do que existe com essa exatidão nos é tecnicamente invisível. O bom é que a verdade chega a nós como um sentido secreto das coisas. Nós terminamos adivinhando, confusos, a perfeição.
18;['Tu tens um medo: Acabar.', 'Não vês que acabas todo o dia.', 'Que morres no amor.', 'Na tristeza.', 'Na dúvida.', 'No desejo.', 'Que te renovas todo o dia.', 'No amor.', 'Na tristeza.', 'Na dúvida.', 'No desejo.', 'Que és sempre outro.', 'Que és sempre o mesmo.', 'Que morrerás por idades imensas.', 'Até não teres medo de morrer.', 'E então serás eterno.'];Tu tens um medo: Acabar. Não vês que acabas todo o dia. Que morres no amor. Na tristeza. Na dúvida. No desejo. Que te renovas todo o dia. No amor. Na tristeza. Na dúvida. No desejo. Que és sempre outro. Que és sempre o mesmo. Que morrerás por idades imensas. Até não teres medo de morrer. E então serás eterno.
19;"['Há homens que lutam um dia, e são bons;', 'Há outros que lutam um ano, e são melhores;', 'Há aqueles que lutam muitos anos, e são muito bons;', 'Porém há os que lutam toda a vida', 'Estes são os imprescindíveis']";"Há homens que lutam um dia, e são bons; Há outros que lutam um ano, e são melhores; Há aqueles que lutam muitos anos, e são muito bons; Porém há os que lutam toda a vida Estes são os imprescindíveis"
20;"['O mistério do mundo, O íntimo, horroroso, desolado, Verdadeiro mistério da existência, Consiste em haver esse mistério. ...', ""Não é a dor de já não poder crer Que m'oprime, nem a de não saber, Mas apenas completamente o horror De ter visto o mistério frente a frente, De tê-lo visto e compreendido em toda A sua infinidade de mistério."", '...', 'Quanto mais fundamente penso, mais Profundamente me descompreendo.', 'O saber é a inconsciência de ignorar...', 'Só a inocência e a ignorância são Felizes, mas não o sabem.', 'São-no ou não?', 'Que é ser sem o saber?', 'Ser, como a pedra, Um lugar, nada mais. ...', 'Quanto mais claro Vejo em mim, mais escuro é o que vejo.', 'Quanto mais compreendo Menos me sinto compreendido.', 'Ó horror paradoxal deste pensar... ...', ""Alegres camponesas, raparigas alegres e ditosas, Como me amarga n'alma essa alegria!""]";O mistério do mundo, O íntimo, horroroso, desolado, Verdadeiro mistério da existência, Consiste em haver esse mistério. ... Não é a dor de já não poder crer Que m'oprime, nem a de não saber, Mas apenas completamente o horror De ter visto o mistério frente a frente, De tê-lo visto e compreendido em toda A sua infinidade de mistério. ... Quanto mais fundamente penso, mais Profundamente me descompreendo. O saber é a inconsciência de ignorar... Só a inocência e a ignorância são Felizes, mas não o sabem. São-no ou não? Que é ser sem o saber? Ser, como a pedra, Um lugar, nada mais. ... Quanto mais claro Vejo em mim, mais escuro é o que vejo. Quanto mais compreendo Menos me sinto compreendido. Ó horror paradoxal deste pensar... ... Alegres camponesas, raparigas alegres e ditosas, Como me amarga n'alma essa alegria!
21;"[""Minh'alma, de sonhar-te, anda perdida"", 'Meus olhos andam cegos de te ver !', 'Não és sequer a razão do meu viver,', 'Pois que tu és já toda a minha vida !', 'Não vejo nada assim enlouquecida ...', 'Passo no mundo, meu Amor, a ler No misterioso livro do teu ser A mesma história tantas vezes lida ! ""', 'Tudo no mundo é frágil, tudo passa ...', '"" Quando me dizem isto, toda a graça', 'Duma boca divina fala em mim !', 'E, olhos postos em ti, digo de rastros :', '""Ah !', 'Podem voar mundos, morrer astros, Que tu és como Deus : Princípio e Fim ! ...', '""']";"Minh'alma, de sonhar-te, anda perdida Meus olhos andam cegos de te ver ! Não és sequer a razão do meu viver, Pois que tu és já toda a minha vida ! Não vejo nada assim enlouquecida ... Passo no mundo, meu Amor, a ler No misterioso livro do teu ser A mesma história tantas vezes lida ! ""Tudo no mundo é frágil, tudo passa ..."" Quando me dizem isto, toda a graça Duma boca divina fala em mim ! E, olhos postos em ti, digo de rastros : ""Ah ! Podem voar mundos, morrer astros, Que tu és como Deus : Princípio e Fim ! ..."""
22;['Meu Deus, me dê a coragem de viver trezentos e sessenta e cinco dias e noites, todos vazios de Tua presença.', 'Me dê a coragem de considerar esse vazio como uma plenitude.', 'Faça com que eu seja a Tua amante humilde, entrelaçada a Ti em êxtase.', 'Faça com que eu possa falar com este vazio tremendo e receber como resposta o amor materno que nutre e embala.', 'Faça com que eu tenha a coragem de Te amar, sem odiar as Tuas ofensas à minha alma e ao meu corpo.', 'Faça com que a solidão não me destrua.', 'Faça com que minha solidão me sirva de companhia.', 'Faça com que eu tenha a coragem de me enfrentar.', 'Faça com que eu saiba ficar com o nada e mesmo assim me sentir como se estivesse plena de tudo.', 'Receba em teus braços o meu pecado de pensar.'];Meu Deus, me dê a coragem de viver trezentos e sessenta e cinco dias e noites, todos vazios de Tua presença. Me dê a coragem de considerar esse vazio como uma plenitude. Faça com que eu seja a Tua amante humilde, entrelaçada a Ti em êxtase. Faça com que eu possa falar com este vazio tremendo e receber como resposta o amor materno que nutre e embala. Faça com que eu tenha a coragem de Te amar, sem odiar as Tuas ofensas à minha alma e ao meu corpo. Faça com que a solidão não me destrua. Faça com que minha solidão me sirva de companhia. Faça com que eu tenha a coragem de me enfrentar. Faça com que eu saiba ficar com o nada e mesmo assim me sentir como se estivesse plena de tudo. Receba em teus braços o meu pecado de pensar.
23;['Os amantes se amam cruelmente e com se amarem tanto não se vêem.', 'Um se beija no outro, refletido.', 'Dois amantes que são?', 'Dois inimigos.', 'Amantes são meninos estragados pelo mimo de amar: e não percebem quanto se pulverizam no enlaçar-se, e como o que era mundo volve a nada.', 'Nada.', 'Ninguém.', 'Amor, puro fantasma que os passeia de leve, assim a cobra se imprime na lembrança de seu trilho.', 'E eles quedam mordidos para sempre.', 'deixaram de existir, mas o existido continua a doer eternamente.'];Os amantes se amam cruelmente e com se amarem tanto não se vêem. Um se beija no outro, refletido. Dois amantes que são? Dois inimigos. Amantes são meninos estragados pelo mimo de amar: e não percebem quanto se pulverizam no enlaçar-se, e como o que era mundo volve a nada. Nada. Ninguém. Amor, puro fantasma que os passeia de leve, assim a cobra se imprime na lembrança de seu trilho. E eles quedam mordidos para sempre. deixaram de existir, mas o existido continua a doer eternamente.
24;"['Pus o meu sonho num navio e o navio em cima do mar; - depois, abri o mar com as mãos, para o meu sonho naufragar Minhas mãos ainda estão molhadas do azul das ondas entreabertas, e a cor que escorre de meus dedos colore as areias desertas.', 'O vento vem vindo de longe, a noite se curva de frio; debaixo da água vai morrendo meu sonho, dentro de um navio...', 'Chorarei quanto for preciso, para fazer com que o mar cresça, e o meu navio chegue ao fundo e o meu sonho desapareça.', 'Depois, tudo estará perfeito; praia lisa, águas ordenadas, meus olhos secos como pedras e as minhas duas mãos quebradas.']";"Pus o meu sonho num navio e o navio em cima do mar; - depois, abri o mar com as mãos, para o meu sonho naufragar Minhas mãos ainda estão molhadas do azul das ondas entreabertas, e a cor que escorre de meus dedos colore as areias desertas. O vento vem vindo de longe, a noite se curva de frio; debaixo da água vai morrendo meu sonho, dentro de um navio... Chorarei quanto for preciso, para fazer com que o mar cresça, e o meu navio chegue ao fundo e o meu sonho desapareça. Depois, tudo estará perfeito; praia lisa, águas ordenadas, meus olhos secos como pedras e as minhas duas mãos quebradas."
25;['Terror de te amar num sítio tão frágil como o mundo', 'Mal de te amar neste lugar de imperfeição', 'Onde tudo nos quebra e emudece Onde tudo nos mente e nos separa'];Terror de te amar num sítio tão frágil como o mundo Mal de te amar neste lugar de imperfeição Onde tudo nos quebra e emudece Onde tudo nos mente e nos separa
27;['Ser poeta é ser mais alto, é ser maior Do que os homens!', 'Morder como quem beija!', 'É ser mendigo e dar como quem seja Rei do Reino de Aquém e de Além Dor!', 'É ter de mil desejos o esplendor E não saber sequer que se deseja!', 'É ter cá dentro um astro que flameja, É ter garras e asas de condor!', 'É ter fome, é ter sede de Infinito!', 'Por elmo, as manhãs de oiro e de cetim...', 'É condensar o mundo num só grito!', 'E é amar-te, assim, perdidamente...', 'É seres alma, e sangue, e vida em mim E dizê-lo cantando a toda a gente!'];Ser poeta é ser mais alto, é ser maior Do que os homens! Morder como quem beija! É ser mendigo e dar como quem seja Rei do Reino de Aquém e de Além Dor! É ter de mil desejos o esplendor E não saber sequer que se deseja! É ter cá dentro um astro que flameja, É ter garras e asas de condor! É ter fome, é ter sede de Infinito! Por elmo, as manhãs de oiro e de cetim... É condensar o mundo num só grito! E é amar-te, assim, perdidamente... É seres alma, e sangue, e vida em mim E dizê-lo cantando a toda a gente!
29;['Senhora, partem tão tristes meus olhos por vós, meu bem, que nunca tão tristes vistes outros nenhuns por ninguém.', 'tão tristes, tão saudosos, tão doentes da partida, tão cansados, tão chorosos, da morte mais desejosos cem mil vezes que da vida.', 'partem tão tristes os tristes, tão fora de esperar bem, que nunca tão tristes vistes outros nenhuns por ninguém.'];Senhora, partem tão tristes meus olhos por vós, meu bem, que nunca tão tristes vistes outros nenhuns por ninguém. tão tristes, tão saudosos, tão doentes da partida, tão cansados, tão chorosos, da morte mais desejosos cem mil vezes que da vida. partem tão tristes os tristes, tão fora de esperar bem, que nunca tão tristes vistes outros nenhuns por ninguém.
30;['Se queres sentir a felicidade de amar, esquece a tua alma.', 'A alma é que estraga o amor.', 'Só em Deus ela pode encontrar satisfação.', 'Não noutra alma.', 'Só em Deus — ou fora do mundo.', 'As almas são incomunicáveis.', 'Deixa o teu corpo entender-se com outro corpo.', 'Porque os corpos se entendem, mas as almas não.'];Se queres sentir a felicidade de amar, esquece a tua alma. A alma é que estraga o amor. Só em Deus ela pode encontrar satisfação. Não noutra alma. Só em Deus — ou fora do mundo. As almas são incomunicáveis. Deixa o teu corpo entender-se com outro corpo. Porque os corpos se entendem, mas as almas não.
31;['Por muito tempo achei que a ausência é falta.', 'E lastimava, ignorante, a falta.', 'Hoje não a lastimo.', 'Não há falta na ausência.', 'A ausência é um estar em mim.', 'E sinto-a, branca, tão pegada, aconchegada nos meus braços, que rio e danço e invento exclamações alegres, porque a ausência, essa ausência assimilada, ninguém a rouba mais de mim.'];Por muito tempo achei que a ausência é falta. E lastimava, ignorante, a falta. Hoje não a lastimo. Não há falta na ausência. A ausência é um estar em mim. E sinto-a, branca, tão pegada, aconchegada nos meus braços, que rio e danço e invento exclamações alegres, porque a ausência, essa ausência assimilada, ninguém a rouba mais de mim.
32;['Agora que o silêncio é um mar sem ondas, E que nele posso navegar sem rumo, Não respondas Às urgentes perguntas Que te fiz.', 'Deixa-me ser feliz', 'Assim, Já tão longe de ti como de mim.', 'Perde-se a vida a desejá-la tanto.', 'Só soubemos sofrer, enquanto O nosso amor Durou.', 'Mas o tempo passou, Há calmaria...', 'Não perturbes a paz que me foi dada.', 'Ouvir de novo a tua voz seria Matar a sede com água salgada.'];Agora que o silêncio é um mar sem ondas, E que nele posso navegar sem rumo, Não respondas Às urgentes perguntas Que te fiz. Deixa-me ser feliz Assim, Já tão longe de ti como de mim. Perde-se a vida a desejá-la tanto. Só soubemos sofrer, enquanto O nosso amor Durou. Mas o tempo passou, Há calmaria... Não perturbes a paz que me foi dada. Ouvir de novo a tua voz seria Matar a sede com água salgada.
33;['Passamos pelas coisas sem as ver, gastos, como animais envelhecidos:', 'se alguém chama por nós não respondemos, se alguém nos pede amor não estremecemos, como frutos de sombra sem sabor, vamos caindo ao chão, apodrecidos.'];Passamos pelas coisas sem as ver, gastos, como animais envelhecidos: se alguém chama por nós não respondemos, se alguém nos pede amor não estremecemos, como frutos de sombra sem sabor, vamos caindo ao chão, apodrecidos.
34;"['Um pouco mais de sol - eu era brasa, Um pouco mais de azul - eu era além.', 'Para atingir, faltou-me um golpe de asa...', 'Se ao menos eu permanecesse aquém...', 'Assombro ou paz?', 'Em vão...', 'Tudo esvaído Num grande mar enganador de espuma;', 'E o grande sonho despertado em bruma, O grande sonho - ó dor! - quase vivido...', 'Quase o amor, quase o triunfo e a chama, Quase o princípio e o fim - quase a expansão...', 'Mas na minhalma tudo se derrama...', 'Entanto nada foi só ilusão!', 'De tudo houve um começo ... e tudo errou... -', 'Ai a dor de ser - quase, dor sem fim...', 'Eu falhei-me entre os mais, falhei em mim,', 'Asa que se elançou mas não voou...', 'Momentos de alma que desbaratei...', 'Templos aonde nunca pus um altar...', 'Rios que perdi sem os levar ao mar...', 'Ânsias que foram mas que não fixei...', 'Se me vagueio, encontro só indícios...', 'Ogivas para o sol - vejo-as cerradas;', 'E mãos de herói, sem fé, acobardadas, Puseram grades sobre os precipícios...', 'Num ímpeto difuso de quebranto, Tudo encetei e nada possuí...', 'Hoje, de mim, só resta o desencanto Das coisas que beijei mas não vivi...', 'Um pouco mais de sol - e fora brasa, Um pouco mais de azul - e fora além.', 'Para atingir faltou-me um golpe de asa...', 'Se ao menos eu permanecesse aquém...', 'Listas de som avançam para mim a fustigar-me', 'Em luz.', 'Todo a vibrar, quero fugir...', 'Onde acoitar-me?', '...', 'Os braços duma cruz Anseiam-se-me, e eu fujo também ao luar...']";"Um pouco mais de sol - eu era brasa, Um pouco mais de azul - eu era além. Para atingir, faltou-me um golpe de asa... Se ao menos eu permanecesse aquém... Assombro ou paz? Em vão... Tudo esvaído Num grande mar enganador de espuma; E o grande sonho despertado em bruma, O grande sonho - ó dor! - quase vivido... Quase o amor, quase o triunfo e a chama, Quase o princípio e o fim - quase a expansão... Mas na minhalma tudo se derrama... Entanto nada foi só ilusão! De tudo houve um começo ... e tudo errou... - Ai a dor de ser - quase, dor sem fim... Eu falhei-me entre os mais, falhei em mim, Asa que se elançou mas não voou... Momentos de alma que desbaratei... Templos aonde nunca pus um altar... Rios que perdi sem os levar ao mar... Ânsias que foram mas que não fixei... Se me vagueio, encontro só indícios... Ogivas para o sol - vejo-as cerradas; E mãos de herói, sem fé, acobardadas, Puseram grades sobre os precipícios... Num ímpeto difuso de quebranto, Tudo encetei e nada possuí... Hoje, de mim, só resta o desencanto Das coisas que beijei mas não vivi... Um pouco mais de sol - e fora brasa, Um pouco mais de azul - e fora além. Para atingir faltou-me um golpe de asa... Se ao menos eu permanecesse aquém... Listas de som avançam para mim a fustigar-me Em luz. Todo a vibrar, quero fugir... Onde acoitar-me?... Os braços duma cruz Anseiam-se-me, e eu fujo também ao luar..."
35;['Mal nos conhecemos Inauguramos a palavra amigo!', 'Amigo é um sorriso', 'De boca em boca, Um olhar bem limpo', 'Uma casa, mesmo modesta, que se oferece.', 'Um coração pronto a pulsar', 'Na nossa mão!', 'Amigo (recordam-se, vocês aí, Escrupulosos detritos?)', 'Amigo é o contrário de inimigo!', 'Amigo é o erro corrigido, Não o erro perseguido, explorado.', 'É a verdade partilhada, praticada.', 'Amigo é a solidão derrotada!', 'Amigo é uma grande tarefa, Um trabalho sem fim, Um espaço útil, um tempo fértil, Amigo vai ser, é já uma grande festa!'];Mal nos conhecemos Inauguramos a palavra amigo! Amigo é um sorriso De boca em boca, Um olhar bem limpo Uma casa, mesmo modesta, que se oferece. Um coração pronto a pulsar Na nossa mão! Amigo (recordam-se, vocês aí, Escrupulosos detritos?) Amigo é o contrário de inimigo! Amigo é o erro corrigido, Não o erro perseguido, explorado. É a verdade partilhada, praticada. Amigo é a solidão derrotada! Amigo é uma grande tarefa, Um trabalho sem fim, Um espaço útil, um tempo fértil, Amigo vai ser, é já uma grande festa!
36;"['Devia morrer-se de outra maneira.', 'Transformarmo-nos em fumo, por exemplo.', 'Ou em nuvens.', 'Quando nos sentíssemos cansados, fartos do mesmo sol a fingir de novo todas as manhãs, convocaríamos os amigos mais íntimos com um cartão de convite para o ritual do Grande Desfazer:', '""Fulano de tal comunica a V. Exa.', 'que vai transformar-se em nuvem hoje às 9 horas.', 'Traje de passeio"".', 'E então, solenemente, com passos de reter tempo, fatos escuros, olhos de lua de cerimônia, viríamos todos assistir a despedida.', 'Apertos de mãos quentes.', 'Ternura de calafrio.', '""Adeus!', 'Adeus!', '""', 'E, pouco a pouco, devagarinho, sem sofrimento, numa lassidão de arrancar raízes...', '(primeiro, os olhos... em seguida, os lábios... depois os cabelos... ) a carne, em vez de apodrecer, começaria a transfigurar-se em fumo... tão leve... tão sutil...', 'tão pòlen...', 'como aquela nuvem além (vêem?) — nesta tarde de outono ainda tocada por um vento de lábios azuis...']";"Devia morrer-se de outra maneira. Transformarmo-nos em fumo, por exemplo. Ou em nuvens. Quando nos sentíssemos cansados, fartos do mesmo sol a fingir de novo todas as manhãs, convocaríamos os amigos mais íntimos com um cartão de convite para o ritual do Grande Desfazer: ""Fulano de tal comunica a V. Exa. que vai transformar-se em nuvem hoje às 9 horas. Traje de passeio"". E então, solenemente, com passos de reter tempo, fatos escuros, olhos de lua de cerimônia, viríamos todos assistir a despedida. Apertos de mãos quentes. Ternura de calafrio. ""Adeus! Adeus!"" E, pouco a pouco, devagarinho, sem sofrimento, numa lassidão de arrancar raízes... (primeiro, os olhos... em seguida, os lábios... depois os cabelos... ) a carne, em vez de apodrecer, começaria a transfigurar-se em fumo... tão leve... tão sutil... tão pòlen... como aquela nuvem além (vêem?) — nesta tarde de outono ainda tocada por um vento de lábios azuis..."
37;"['Quando eu nasci, ficou tudo como estava, Nem homens cortaram veias, nem o Sol escureceu, nem houve Estrelas a mais...', 'Somente, esquecida das dores, a minha Mãe sorriu e agradeceu.', 'Quando eu nasci, não houve nada de novo senão eu.', 'As nuvens não se espantaram, não enlouqueceu ninguém...', ""P'ra que o dia fosse enorme, bastava toda a ternura que olhava nos olhos de minha Mãe...""]";Quando eu nasci, ficou tudo como estava, Nem homens cortaram veias, nem o Sol escureceu, nem houve Estrelas a mais... Somente, esquecida das dores, a minha Mãe sorriu e agradeceu. Quando eu nasci, não houve nada de novo senão eu. As nuvens não se espantaram, não enlouqueceu ninguém... P'ra que o dia fosse enorme, bastava toda a ternura que olhava nos olhos de minha Mãe...
38;['Permita que eu feche os meus olhos, pois é muito longe e tão tarde!', 'Pensei que era apenas demora, e cantando pus-me a esperar-te.', 'Permite que agora emudeça: que me conforme em ser sozinha.', 'Há uma doce luz no silencio, e a dor é de origem divina.', 'Permite que eu volte o meu rosto para um céu maior que este mundo, e aprenda a ser dócil no sonho como as estrelas no seu rumo.'];Permita que eu feche os meus olhos, pois é muito longe e tão tarde! Pensei que era apenas demora, e cantando pus-me a esperar-te. Permite que agora emudeça: que me conforme em ser sozinha. Há uma doce luz no silencio, e a dor é de origem divina. Permite que eu volte o meu rosto para um céu maior que este mundo, e aprenda a ser dócil no sonho como as estrelas no seu rumo.
39;"['Seus olhos tão negros, tão belos, tão puros, De vivo luzir, Estrelas incertas, que as águas dormentes Do mar vão ferir;', 'Seus olhos tão negros, tão belos, tão puros, Têm meiga expressão, Mais doce que a brisa, — mais doce que o nauta', 'De noite cantando, — mais doce que a frauta', 'Quebrando a solidão, Seus olhos tão negros, tão belos, tão puros, De vivo luzir, São meigos infantes, gentis, engraçados', 'Brincando a sorrir.', 'São meigos infantes, brincando, saltando Em jogo infantil, Inquietos, travessos; — causando tormento, Com beijos nos pagam a dor de um momento,', 'Com modo gentil.', 'Seus olhos tão negros, tão belos, tão puros,', 'Assim é que são;', 'Às vezes luzindo, serenos, tranquilos, Às vezes vulcão!', 'Às vezes, oh!', 'sim, derramam tão fraco, Tão frouxo brilhar, Que a mim me parece que o ar lhes falece, E os olhos tão meigos, que o pranto humedece Me fazem chorar.', 'Assim lindo infante, que dorme tranquilo, Desperta a chorar;', 'E mudo e sisudo, cismando mil coisas, Não pensa — a pensar.', 'Nas almas tão puras da virgem, do infante, Às vezes do céu', ""Cai doce harmonia duma Harpa celeste, Um vago desejo; e a mente se veste De pranto co'um véu."", 'Quer sejam saudades, quer sejam desejos Da pátria melhor;', 'Eu amo seus olhos que choram em causa', 'Um pranto sem dor.', 'Eu amo seus olhos tão negros, tão puros, De vivo fulgor; Seus olhos que exprimem tão doce harmonia, Que falam de amores com tanta poesia, Com tanto pudor.', 'Seus olhos tão negros, tão belos, tão puros, Assim é que são;', 'Eu amo esses olhos que falam de amores', 'Com tanta paixão.']";"Seus olhos tão negros, tão belos, tão puros, De vivo luzir, Estrelas incertas, que as águas dormentes Do mar vão ferir; Seus olhos tão negros, tão belos, tão puros, Têm meiga expressão, Mais doce que a brisa, — mais doce que o nauta De noite cantando, — mais doce que a frauta Quebrando a solidão, Seus olhos tão negros, tão belos, tão puros, De vivo luzir, São meigos infantes, gentis, engraçados Brincando a sorrir. São meigos infantes, brincando, saltando Em jogo infantil, Inquietos, travessos; — causando tormento, Com beijos nos pagam a dor de um momento, Com modo gentil. Seus olhos tão negros, tão belos, tão puros, Assim é que são; Às vezes luzindo, serenos, tranquilos, Às vezes vulcão! Às vezes, oh! sim, derramam tão fraco, Tão frouxo brilhar, Que a mim me parece que o ar lhes falece, E os olhos tão meigos, que o pranto humedece Me fazem chorar. Assim lindo infante, que dorme tranquilo, Desperta a chorar; E mudo e sisudo, cismando mil coisas, Não pensa — a pensar. Nas almas tão puras da virgem, do infante, Às vezes do céu Cai doce harmonia duma Harpa celeste, Um vago desejo; e a mente se veste De pranto co'um véu. Quer sejam saudades, quer sejam desejos Da pátria melhor; Eu amo seus olhos que choram em causa Um pranto sem dor. Eu amo seus olhos tão negros, tão puros, De vivo fulgor; Seus olhos que exprimem tão doce harmonia, Que falam de amores com tanta poesia, Com tanto pudor. Seus olhos tão negros, tão belos, tão puros, Assim é que são; Eu amo esses olhos que falam de amores Com tanta paixão."
41;"['Mudam-se os tempos, mudam-se as vontades, muda-se o ser, muda-se a confiança; todo o Mundo é composto de mudança, tomando sempre novas qualidades.', 'Continuamente vemos novidades, diferentes em tudo da esperança; do mal ficam as mágoas na lembrança, e do bem (se algum houve), as saudades.', 'O tempo cobre o chão de verde manto, que já coberto foi de neve fria, e, enfim, converte em choro o doce canto.', 'E, afora este mudar-se cada dia, outra mudança faz de mor espanto, que não se muda já como soía.']";"Mudam-se os tempos, mudam-se as vontades, muda-se o ser, muda-se a confiança; todo o Mundo é composto de mudança, tomando sempre novas qualidades. Continuamente vemos novidades, diferentes em tudo da esperança; do mal ficam as mágoas na lembrança, e do bem (se algum houve), as saudades. O tempo cobre o chão de verde manto, que já coberto foi de neve fria, e, enfim, converte em choro o doce canto. E, afora este mudar-se cada dia, outra mudança faz de mor espanto, que não se muda já como soía."
42;['Eu faço versos como quem chora De desalento... de desencanto...', 'Fecha o meu livro, se por agora Não tens motivo nenhum de pranto.', 'Meu verso é sangue.', 'Volúpia ardente...', 'Tristeza esparsa...', 'remorso vão...', 'Dói-me nas veias.', 'Amargo e quente, Cai, gota a gota, do coração.', 'E nestes versos de angústia rouca Assim dos lábios a vida corre, Deixando um acre sabor na boca.', '- Eu faço versos como quem morre.'];Eu faço versos como quem chora De desalento... de desencanto... Fecha o meu livro, se por agora Não tens motivo nenhum de pranto. Meu verso é sangue. Volúpia ardente... Tristeza esparsa... remorso vão... Dói-me nas veias. Amargo e quente, Cai, gota a gota, do coração. E nestes versos de angústia rouca Assim dos lábios a vida corre, Deixando um acre sabor na boca. - Eu faço versos como quem morre.
43;['Sexta-feira à noite os homens acariciam o clitóris das esposas com dedos molhados de saliva.', 'O mesmo gesto com que todos os dias contam dinheiro papéis documentos e folheiam nas revistas a vida dos seus ídolos.', 'Sexta-feira à noite os homens penetram suas esposas com tédio e pênis.', 'O mesmo tédio com que todos os dias enfiam o carro na garagem o dedo no nariz e metem a mão no bolso para coçar o saco.', 'Sexta-feira à noite os homens ressonam de borco enquanto as mulheres no escuro encaram seu destino e sonham com o príncipe encantado.'];Sexta-feira à noite os homens acariciam o clitóris das esposas com dedos molhados de saliva. O mesmo gesto com que todos os dias contam dinheiro papéis documentos e folheiam nas revistas a vida dos seus ídolos. Sexta-feira à noite os homens penetram suas esposas com tédio e pênis. O mesmo tédio com que todos os dias enfiam o carro na garagem o dedo no nariz e metem a mão no bolso para coçar o saco. Sexta-feira à noite os homens ressonam de borco enquanto as mulheres no escuro encaram seu destino e sonham com o príncipe encantado.
44;['Chega um tempo em que não se diz mais: meu Deus.', 'Tempo de absoluta depuração.', 'Tempo em que não se diz mais: meu amor.', 'Porque o amor resultou inútil.', 'E os olhos não choram.', 'E as mãos tecem apenas o rude trabalho.', 'E o coração está seco.', 'Em vão mulheres batem à porta, não abrirás.', 'Ficaste sozinho, a luz apagou-se, mas na sombra teus olhos resplandecem enormes.', 'És todo certeza, já não sabes sofrer.', 'E nada esperas de teus amigos.', 'Pouco importa venha a velhice, que é a velhice?', 'Teus ombros suportam o mundo e ele não pesa mais que a mão de uma criança.', 'As guerras, as fomes, as discussões dentro dos edifícios provam apenas que a vida prossegue e nem todos se libertaram ainda.', 'Alguns, achando bárbaro o espetáculo prefeririam (os delicados) morrer.', 'Chegou um tempo em que não adianta morrer.', 'Chegou um tempo que a vida é uma ordem.', 'A vida apenas, sem mistificação.'];Chega um tempo em que não se diz mais: meu Deus. Tempo de absoluta depuração. Tempo em que não se diz mais: meu amor. Porque o amor resultou inútil. E os olhos não choram. E as mãos tecem apenas o rude trabalho. E o coração está seco. Em vão mulheres batem à porta, não abrirás. Ficaste sozinho, a luz apagou-se, mas na sombra teus olhos resplandecem enormes. És todo certeza, já não sabes sofrer. E nada esperas de teus amigos. Pouco importa venha a velhice, que é a velhice? Teus ombros suportam o mundo e ele não pesa mais que a mão de uma criança. As guerras, as fomes, as discussões dentro dos edifícios provam apenas que a vida prossegue e nem todos se libertaram ainda. Alguns, achando bárbaro o espetáculo prefeririam (os delicados) morrer. Chegou um tempo em que não adianta morrer. Chegou um tempo que a vida é uma ordem. A vida apenas, sem mistificação.
45;"['No mistério do sem-fim equilibra-se um planeta.', 'E, no planeta, um jardim, e, no jardim, um canteiro; no canteiro uma violeta, e, sobre ela, o dia inteiro, entre o planeta e o sem-fim, a asa de uma borboleta']";"No mistério do sem-fim equilibra-se um planeta. E, no planeta, um jardim, e, no jardim, um canteiro; no canteiro uma violeta, e, sobre ela, o dia inteiro, entre o planeta e o sem-fim, a asa de uma borboleta"
46;['A hora da partida soa quando Escurece o jardim e o vento passa, Estala o chão e as portas batem, quando A noite cada nó em si deslaça.', 'A hora da partida soa quando as árvores parecem inspiradas', 'Como se tudo nelas germinasse.', 'Soa quando no fundo dos espelhos Me é estranha e longínqua a minha face E de mim se desprende a minha vida.'];A hora da partida soa quando Escurece o jardim e o vento passa, Estala o chão e as portas batem, quando A noite cada nó em si deslaça. A hora da partida soa quando as árvores parecem inspiradas Como se tudo nelas germinasse. Soa quando no fundo dos espelhos Me é estranha e longínqua a minha face E de mim se desprende a minha vida.
47;['Assim eu quereria o meu último poema.', 'Que fosse terno dizendo as coisas mais simples e menos intencionais Que fosse ardente como um soluço sem lágrimas Que tivesse a beleza das flores quase sem perfume', 'A pureza da chama em que se consomem os diamantes mais límpidos', 'A paixão dos suicidas que se matam sem explicação.'];Assim eu quereria o meu último poema. Que fosse terno dizendo as coisas mais simples e menos intencionais Que fosse ardente como um soluço sem lágrimas Que tivesse a beleza das flores quase sem perfume A pureza da chama em que se consomem os diamantes mais límpidos A paixão dos suicidas que se matam sem explicação.
48;['A maior solidão é a do ser que não ama.', 'A maior solidão é a dor do ser que se ausenta, que se defende, que se fecha, que se recusa a participar da vida humana.', 'A maior solidão é a do homem encerrado em si mesmo, no absoluto de si mesmo, o que não dá a quem pede o que ele pode dar de amor, de amizade, de socorro.', 'O maior solitário é o que tem medo de amar, o que tem medo de ferir e ferir-se, o ser casto da mulher, do amigo, do povo, do mundo.', 'Esse queima como uma lâmpada triste, cujo reflexo entristece também tudo em torno.', 'Ele é a angústia do mundo que o reflete.', 'Ele é o que se recusa às verdadeiras fontes de emoção, as que são o patrimônio de todos, e, encerrado em seu duro privilégio, semeia pedras do alto de sua fria e desolada torre.'];A maior solidão é a do ser que não ama. A maior solidão é a dor do ser que se ausenta, que se defende, que se fecha, que se recusa a participar da vida humana. A maior solidão é a do homem encerrado em si mesmo, no absoluto de si mesmo, o que não dá a quem pede o que ele pode dar de amor, de amizade, de socorro. O maior solitário é o que tem medo de amar, o que tem medo de ferir e ferir-se, o ser casto da mulher, do amigo, do povo, do mundo. Esse queima como uma lâmpada triste, cujo reflexo entristece também tudo em torno. Ele é a angústia do mundo que o reflete. Ele é o que se recusa às verdadeiras fontes de emoção, as que são o patrimônio de todos, e, encerrado em seu duro privilégio, semeia pedras do alto de sua fria e desolada torre.
49;['O amor é uma companhia.', 'Já não sei andar só pelos caminhos, Porque já não posso andar só.', 'Um pensamento visível faz-me andar mais depressa E ver menos, e ao mesmo tempo gostar bem de ir vendo tudo.', 'Mesmo a ausência dela é uma coisa que está comigo.', 'E eu gosto tanto dela que não sei como a desejar.', 'Se a não vejo, imagino-a e sou forte como as árvores altas.', 'Mas se a vejo tremo, não sei o que é feito do que sinto na ausência dela.', 'Todo eu sou qualquer força que me abandona.', 'Toda a realidade olha para mim como um girassol com a cara dela no meio.'];O amor é uma companhia. Já não sei andar só pelos caminhos, Porque já não posso andar só. Um pensamento visível faz-me andar mais depressa E ver menos, e ao mesmo tempo gostar bem de ir vendo tudo. Mesmo a ausência dela é uma coisa que está comigo. E eu gosto tanto dela que não sei como a desejar. Se a não vejo, imagino-a e sou forte como as árvores altas. Mas se a vejo tremo, não sei o que é feito do que sinto na ausência dela. Todo eu sou qualquer força que me abandona. Toda a realidade olha para mim como um girassol com a cara dela no meio.
50;['Tome-se um homem, Feito de nada, como nós, E em tamanho natural.', 'Embeba-se-lhe a carne, Lentamente, Duma certeza aguda, irracional, Intensa como o ódio ou como a fome.', 'Depois, perto do fim, Agite-se um pendão E toque-se um clarim.', 'Serve-se morto.'];Tome-se um homem, Feito de nada, como nós, E em tamanho natural. Embeba-se-lhe a carne, Lentamente, Duma certeza aguda, irracional, Intensa como o ódio ou como a fome. Depois, perto do fim, Agite-se um pendão E toque-se um clarim. Serve-se morto.
51;['Vale a pena ser discreto?', 'Não sei bem se vale a pena.', 'O melhor é estar quieto E ter a cara serena.'];Vale a pena ser discreto? Não sei bem se vale a pena. O melhor é estar quieto E ter a cara serena.
52;['Amo-te tanto meu amor...', 'não cante', 'O humano coração com mais verdade...', 'Amo-te como amigo e como amante', 'Numa sempre diversa realidade.', 'Amo-te enfim, de um calmo amor prestante', 'E te amo além, presente na saudade.', 'Amo-te, enfim, com grande liberdade', 'Dentro da eternidade e a cada instante.', 'Amo-te como um bicho, simplesmente De um amor sem mistério e sem virtude', 'Com um desejo maciço e permanente.', 'E de te amar assim, muito e amiúde', 'É que um dia em teu corpo de repente', 'Hei de morrer de amar mais do que pude.'];Amo-te tanto meu amor... não cante O humano coração com mais verdade... Amo-te como amigo e como amante Numa sempre diversa realidade. Amo-te enfim, de um calmo amor prestante E te amo além, presente na saudade. Amo-te, enfim, com grande liberdade Dentro da eternidade e a cada instante. Amo-te como um bicho, simplesmente De um amor sem mistério e sem virtude Com um desejo maciço e permanente. E de te amar assim, muito e amiúde É que um dia em teu corpo de repente Hei de morrer de amar mais do que pude.
53;"['Não me peças palavras, nem baladas, Nem expressões, nem alma...', 'Abre-me o seio, Deixa cair as pálpebras pesadas, E entre os seios me apertes sem receio.', 'Na tua boca sob a minha, ao meio, Nossas línguas se busquem, desvairadas...', 'E que os meus flancos nus vibrem no enleio', 'Das tuas pernas ágeis e delgadas.', 'E em duas bocas uma língua..., - unidos, Nós trocaremos beijos e gemidos, Sentindo o nosso sangue misturar-se.', 'Depois... - abre os teus olhos, minha amada!', 'Enterra-os bem nos meus; não digas nada...', 'Deixa a Vida exprimir-se sem disfarce!']";"Não me peças palavras, nem baladas, Nem expressões, nem alma...Abre-me o seio, Deixa cair as pálpebras pesadas, E entre os seios me apertes sem receio. Na tua boca sob a minha, ao meio, Nossas línguas se busquem, desvairadas... E que os meus flancos nus vibrem no enleio Das tuas pernas ágeis e delgadas. E em duas bocas uma língua..., - unidos, Nós trocaremos beijos e gemidos, Sentindo o nosso sangue misturar-se. Depois... - abre os teus olhos, minha amada! Enterra-os bem nos meus; não digas nada... Deixa a Vida exprimir-se sem disfarce!"
54;['Que nenhuma estrela queime o teu perfil', 'Que nenhum deus se lembre do teu nome Que nem o vento passe onde tu passas.', 'Para ti criarei um dia puro Livre como o vento e repetido Como o florir das ondas ordenadas.'];Que nenhuma estrela queime o teu perfil Que nenhum deus se lembre do teu nome Que nem o vento passe onde tu passas. Para ti criarei um dia puro Livre como o vento e repetido Como o florir das ondas ordenadas.
55;"['Posso escrever os versos mais tristes esta noite.', 'Escrever, por exemplo: ""', 'A noite está estrelada, e tiritam, azuis, os astros lá ao longe"".', 'O vento da noite gira no céu e canta.', 'Posso escrever os versos mais tristes esta noite.', 'Eu amei-a e por vezes ela também me amou.', 'Em noites como esta tive-a em meus braços.', 'Beijei-a tantas vezes sob o céu infinito.', 'Ela amou-me, por vezes eu também a amava.', 'Como não ter amado os seus grandes olhos fixos.', 'Posso escrever os versos mais tristes esta noite.', 'Pensar que não a tenho.', 'Sentir que já a perdi.', 'Ouvir a noite imensa, mais imensa sem ela.', 'E o verso cai na alma como no pasto o orvalho.', 'Importa lá que o meu amor não pudesse guardá-la.', 'A noite está estrelada e ela não está comigo.', 'Isso é tudo.', 'Ao longe alguém canta.', 'Ao longe.', 'A minha alma não se contenta com havê-la perdido.', 'Como para chegá-la a mim o meu olhar procura-a.', 'O meu coração procura-a, ela não está comigo.', 'A mesma noite que faz branquejar as mesmas árvores.', 'Nós dois, os de então, já não somos os mesmos.', 'Já não a amo, é verdade, mas tanto que a amei.', 'Esta voz buscava o vento para tocar-lhe o ouvido.', 'De outro.', 'Será de outro.', 'Como antes dos meus beijos.', 'A voz, o corpo claro.', 'Os seus olhos infinitos.', 'Já não a amo, é verdade, mas talvez a ame ainda.', 'É tão curto o amor, tão longo o esquecimento.', 'Porque em noites como esta tive-a em meus braços, a minha alma não se contenta por havê-la perdido.', 'Embora seja a última dor que ela me causa, e estes sejam os últimos versos que lhe escrevo.']";"Posso escrever os versos mais tristes esta noite. Escrever, por exemplo: ""A noite está estrelada, e tiritam, azuis, os astros lá ao longe"". O vento da noite gira no céu e canta. Posso escrever os versos mais tristes esta noite. Eu amei-a e por vezes ela também me amou. Em noites como esta tive-a em meus braços. Beijei-a tantas vezes sob o céu infinito. Ela amou-me, por vezes eu também a amava. Como não ter amado os seus grandes olhos fixos. Posso escrever os versos mais tristes esta noite. Pensar que não a tenho. Sentir que já a perdi. Ouvir a noite imensa, mais imensa sem ela. E o verso cai na alma como no pasto o orvalho. Importa lá que o meu amor não pudesse guardá-la. A noite está estrelada e ela não está comigo. Isso é tudo. Ao longe alguém canta. Ao longe. A minha alma não se contenta com havê-la perdido. Como para chegá-la a mim o meu olhar procura-a. O meu coração procura-a, ela não está comigo. A mesma noite que faz branquejar as mesmas árvores. Nós dois, os de então, já não somos os mesmos. Já não a amo, é verdade, mas tanto que a amei. Esta voz buscava o vento para tocar-lhe o ouvido. De outro. Será de outro. Como antes dos meus beijos. A voz, o corpo claro. Os seus olhos infinitos. Já não a amo, é verdade, mas talvez a ame ainda. É tão curto o amor, tão longo o esquecimento. Porque em noites como esta tive-a em meus braços, a minha alma não se contenta por havê-la perdido. Embora seja a última dor que ela me causa, e estes sejam os últimos versos que lhe escrevo."
56;['Se as coisas são inatingíveis...', 'ora! não é motivo para não querê-las.', 'Que tristes os caminhos, se não fora a mágica presença das estrelas!'];Se as coisas são inatingíveis... ora! não é motivo para não querê-las. Que tristes os caminhos, se não fora a mágica presença das estrelas!
57;['Quando a luz dos olhos meus E a luz dos olhos teus Resolvem se encontrar Ai que bom que isso é meu Deus Que frio que me dá o encontro desse olhar Mas se a luz dos olhos teus Resiste aos olhos meus só pra me provocar Meu amor, juro por Deus me sinto incendiar Meu amor, juro por Deus', 'Que a luz dos olhos meus já não pode esperar Quero a luz dos olhos meus', 'Na luz dos olhos teus sem mais lará-lará Pela luz dos olhos teus', 'Eu acho meu amor que só se pode achar Que a luz dos olhos meus precisa se casar.'];Quando a luz dos olhos meus E a luz dos olhos teus Resolvem se encontrar Ai que bom que isso é meu Deus Que frio que me dá o encontro desse olhar Mas se a luz dos olhos teus Resiste aos olhos meus só pra me provocar Meu amor, juro por Deus me sinto incendiar Meu amor, juro por Deus Que a luz dos olhos meus já não pode esperar Quero a luz dos olhos meus Na luz dos olhos teus sem mais lará-lará Pela luz dos olhos teus Eu acho meu amor que só se pode achar Que a luz dos olhos meus precisa se casar.
58;['Bebido o luar, ébrios de horizontes, Julgamos que viver era abraçar', 'O rumor dos pinhais, o azul dos montes E todos os jardins verdes do mar.', 'Mas solitários somos e passamos, Não são nossos os frutos nem as flores, O céu e o mar apagam-se exteriores E tornam-se os fantasmas que sonhamos.', 'Por que jardins que nós não colheremos, Límpidos nas auroras a nascer, Por que o céu e o mar se não seremos Nunca os deuses capazes de os viver.'];Bebido o luar, ébrios de horizontes, Julgamos que viver era abraçar O rumor dos pinhais, o azul dos montes E todos os jardins verdes do mar. Mas solitários somos e passamos, Não são nossos os frutos nem as flores, O céu e o mar apagam-se exteriores E tornam-se os fantasmas que sonhamos. Por que jardins que nós não colheremos, Límpidos nas auroras a nascer, Por que o céu e o mar se não seremos Nunca os deuses capazes de os viver.
59;['e ao anoitecer adquires nome de ilha ou de vulcão deixas viver sobre a pele uma criança de lume e na fria lava da noite ensinas ao corpo a paciência o amor o abandono das palavras o silêncio e a difícil arte da melancolia'];e ao anoitecer adquires nome de ilha ou de vulcão deixas viver sobre a pele uma criança de lume e na fria lava da noite ensinas ao corpo a paciência o amor o abandono das palavras o silêncio e a difícil arte da melancolia
60;['Eu deixarei que morra em mim o desejo de amar os teus olhos que são doces Porque nada te poderei dar senão a mágoa de me veres eternamente exausto.', 'No entanto a tua presença é qualquer coisa como a luz e a vida E eu sinto que em meu gesto existe o teu gesto e em minha voz a tua voz.', 'Não te quero ter porque em meu ser tudo estaria terminado.', 'Quero só que surjas em mim como a fé nos desesperados Para que eu possa levar uma gota de orvalho nesta terra amaldiçoada Que ficou sobre a minha carne como nódoa do passado.', 'Eu deixarei...', 'tu irás e encostarás a tua face em outra face.', 'Teus dedos enlaçarão outros dedos e tu desabrocharás para a madrugada.', 'Mas tu não saberás que quem te colheu fui eu, porque eu fui o grande íntimo da noite.', 'Porque eu encostei minha face na face da noite e ouvi a tua fala amorosa.', 'Porque meus dedos enlaçaram os dedos da névoa suspensos no espaço.', 'E eu trouxe até mim a misteriosa essência do teu abandono desordenado.', 'Eu ficarei só como os veleiros nos pontos silenciosos.', 'Mas eu te possuirei como ninguém porque poderei partir.', 'E todas as lamentações do mar, do vento, do céu, das aves, das estrelas.', 'Serão a tua voz presente, a tua voz ausente, a tua voz serenizada.'];Eu deixarei que morra em mim o desejo de amar os teus olhos que são doces Porque nada te poderei dar senão a mágoa de me veres eternamente exausto. No entanto a tua presença é qualquer coisa como a luz e a vida E eu sinto que em meu gesto existe o teu gesto e em minha voz a tua voz. Não te quero ter porque em meu ser tudo estaria terminado. Quero só que surjas em mim como a fé nos desesperados Para que eu possa levar uma gota de orvalho nesta terra amaldiçoada Que ficou sobre a minha carne como nódoa do passado. Eu deixarei... tu irás e encostarás a tua face em outra face. Teus dedos enlaçarão outros dedos e tu desabrocharás para a madrugada. Mas tu não saberás que quem te colheu fui eu, porque eu fui o grande íntimo da noite. Porque eu encostei minha face na face da noite e ouvi a tua fala amorosa. Porque meus dedos enlaçaram os dedos da névoa suspensos no espaço. E eu trouxe até mim a misteriosa essência do teu abandono desordenado. Eu ficarei só como os veleiros nos pontos silenciosos. Mas eu te possuirei como ninguém porque poderei partir. E todas as lamentações do mar, do vento, do céu, das aves, das estrelas. Serão a tua voz presente, a tua voz ausente, a tua voz serenizada.
62;['Quem diante do amorousa falar do Inferno?Quem diante do Infernoousa falar do Amor?Ninguém me amaninguém me querninguém me chamade Baudelaire'];Quem diante do amorousa falar do Inferno?Quem diante do Infernoousa falar do Amor?Ninguém me amaninguém me querninguém me chamade Baudelaire
63;['Entre os teus lábios é que a loucura acode, desce à garganta, invade a água.', 'No teu peito é que o pólen do fogo se junta à nascente, alastra na sombra.', 'Nos teus flancos é que a fonte começa a ser rio de abelhas, rumor de tigre.', 'Da cintura aos joelhos é que a areia queima, o sol é secreto, cego o silêncio.', 'Deita-te comigo.', 'Ilumina meus vidros.', 'Entre lábios e lábios toda a música é minha.'];Entre os teus lábios é que a loucura acode, desce à garganta, invade a água. No teu peito é que o pólen do fogo se junta à nascente, alastra na sombra. Nos teus flancos é que a fonte começa a ser rio de abelhas, rumor de tigre. Da cintura aos joelhos é que a areia queima, o sol é secreto, cego o silêncio. Deita-te comigo. Ilumina meus vidros. Entre lábios e lábios toda a música é minha.
64;['Contigo aprendi coisas tão simples como a forma de convívio com o meu cabelo ralo e a diversa cor que há nos olhos das pessoas', 'Só tu me acompanhastes súbitos momentos quando tudo ruía ao meu redor e me sentia só e no cabo do mundo', 'Contigo fui cruel no dia a dia mais que mulher tu és já a minha única viúva Não posso dar-te mais do te dou este molhado olhar de homem que morre e se comove ao ver-te assim presente tão subitamente'];Contigo aprendi coisas tão simples como a forma de convívio com o meu cabelo ralo e a diversa cor que há nos olhos das pessoas Só tu me acompanhastes súbitos momentos quando tudo ruía ao meu redor e me sentia só e no cabo do mundo Contigo fui cruel no dia a dia mais que mulher tu és já a minha única viúva Não posso dar-te mais do te dou este molhado olhar de homem que morre e se comove ao ver-te assim presente tão subitamente
65;"['Amor é fogo que arde sem se ver, é ferida que dói, e não se sente; é um contentamento descontente, é dor que desatina sem doer.', 'É um não querer mais que bem querer; é um andar solitário entre a gente;', 'é nunca contentar-se de contente; é um cuidar que ganha em se perder.', 'É querer estar preso por vontade; é servir a quem vence, o vencedor; é ter com quem nos mata, lealdade.', 'Mas como causar pode seu favor nos corações humanos amizade, se tão contrário a si é o mesmo Amor?']";"Amor é fogo que arde sem se ver, é ferida que dói, e não se sente; é um contentamento descontente, é dor que desatina sem doer. É um não querer mais que bem querer; é um andar solitário entre a gente; é nunca contentar-se de contente; é um cuidar que ganha em se perder. É querer estar preso por vontade; é servir a quem vence, o vencedor; é ter com quem nos mata, lealdade. Mas como causar pode seu favor nos corações humanos amizade, se tão contrário a si é o mesmo Amor?"
66;['E por vezes as noites duram meses', 'E por vezes os meses oceanos E por vezes os braços que apertamos nunca mais são os mesmos.', 'E por vezes encontramos de nós em poucos meses o que a noite nos fez em muitos anos E por vezes fingimos que lembramos E por vezes lembramos que por vezes ao tomarmos o gosto aos oceanos só o sarro das noites não dos meses lá no fundo dos copos encontramos E por vezes sorrimos ou choramos E por vezes por vezes ah por vezes num segundo se evolam tantos anos.'];E por vezes as noites duram meses E por vezes os meses oceanos E por vezes os braços que apertamos nunca mais são os mesmos. E por vezes encontramos de nós em poucos meses o que a noite nos fez em muitos anos E por vezes fingimos que lembramos E por vezes lembramos que por vezes ao tomarmos o gosto aos oceanos só o sarro das noites não dos meses lá no fundo dos copos encontramos E por vezes sorrimos ou choramos E por vezes por vezes ah por vezes num segundo se evolam tantos anos.
67;['É assim que te quero, amor, assim, amor, é que eu gosto de ti, tal como te vestes e como arranjas os cabelos e como a tua boca sorri, ágil como a água da fonte sobre as pedras puras,', 'é assim que te quero, amada, Ao pão não peço que me ensine, mas antes que não me falte em cada dia que passa.', 'Da luz nada sei, nem donde vem nem para onde vai, apenas quero que a luz alumie, e também não peço à noite explicações, espero-a e envolve-me, e assim tu pão e luz e sombra és.', 'Chegastes à minha vida com o que trazias, feita de luz e pão e sombra, eu te esperava, e é assim que preciso de ti, assim que te amo, e os que amanhã quiserem ouvir o que não lhes direi, que o leiam aqui e retrocedam hoje porque é cedo para tais argumentos.', 'Amanhã dar-lhes-emos apenas uma folha da árvore do nosso amor, uma folha que há-de cair sobre a terra como se a tivessem produzido os nosso lábios, como um beijo caído das nossas alturas invencíveis para mostrar o fogo e a ternura de um amor verdadeiro.'];É assim que te quero, amor, assim, amor, é que eu gosto de ti, tal como te vestes e como arranjas os cabelos e como a tua boca sorri, ágil como a água da fonte sobre as pedras puras, é assim que te quero, amada, Ao pão não peço que me ensine, mas antes que não me falte em cada dia que passa. Da luz nada sei, nem donde vem nem para onde vai, apenas quero que a luz alumie, e também não peço à noite explicações, espero-a e envolve-me, e assim tu pão e luz e sombra és. Chegastes à minha vida com o que trazias, feita de luz e pão e sombra, eu te esperava, e é assim que preciso de ti, assim que te amo, e os que amanhã quiserem ouvir o que não lhes direi, que o leiam aqui e retrocedam hoje porque é cedo para tais argumentos. Amanhã dar-lhes-emos apenas uma folha da árvore do nosso amor, uma folha que há-de cair sobre a terra como se a tivessem produzido os nosso lábios, como um beijo caído das nossas alturas invencíveis para mostrar o fogo e a ternura de um amor verdadeiro.
68;['Chamo-Te porque tudo está ainda no princípio E suportar é o tempo mais comprido.', 'Peço-Te que venhas e me dês a liberdade, Que um só dos teus olhares me purifique e acabe.', 'Há muitas coisas que eu quero ver.', 'Peço-Te que sejas o presente.', 'Peço-Te que inundes tudo.', 'E que o teu reino antes do tempo venha.', 'E se derrame sobre a Terra', 'Em primavera feroz pricipitado.'];Chamo-Te porque tudo está ainda no princípio E suportar é o tempo mais comprido. Peço-Te que venhas e me dês a liberdade, Que um só dos teus olhares me purifique e acabe. Há muitas coisas que eu quero ver. Peço-Te que sejas o presente. Peço-Te que inundes tudo. E que o teu reino antes do tempo venha. E se derrame sobre a Terra Em primavera feroz pricipitado.
69;['Há palavras que nos beijam Como se tivessem boca, Palavras de amor, de esperança, De imenso amor, de esperança louca.', 'Palavras nuas que beijas Quando a noite perde o rosto, Palavras que se recusam Aos muros do teu desgosto.', 'De repente coloridas', 'Entre palavras sem cor, Esperadas, inesperadas', 'Como a poesia ou o amor.', '(O nome de quem se ama Letra a letra revelado No mármore distraído, No papel abandonado) Palavras que nos transportam Aonde a noite é mais forte, Ao silêncio dos amantes Abraçados contra a morte.'];Há palavras que nos beijam Como se tivessem boca, Palavras de amor, de esperança, De imenso amor, de esperança louca. Palavras nuas que beijas Quando a noite perde o rosto, Palavras que se recusam Aos muros do teu desgosto. De repente coloridas Entre palavras sem cor, Esperadas, inesperadas Como a poesia ou o amor. (O nome de quem se ama Letra a letra revelado No mármore distraído, No papel abandonado) Palavras que nos transportam Aonde a noite é mais forte, Ao silêncio dos amantes Abraçados contra a morte.
70;['Tu eras também uma pequena folha que tremia no meu peito.', 'O vento da vida pôs-te ali.', 'A princípio não te vi: não soube que ias comigo, até que as tuas raízes atravessaram o meu peito, se uniram aos fios do meu sangue, falaram pela minha boca, floresceram comigo.'];Tu eras também uma pequena folha que tremia no meu peito. O vento da vida pôs-te ali. A princípio não te vi: não soube que ias comigo, até que as tuas raízes atravessaram o meu peito, se uniram aos fios do meu sangue, falaram pela minha boca, floresceram comigo.
71;"['Nunca são as coisas mais simples que aparecem quando as esperamos.', 'O que é mais simples, como o amor, ou o mais evidente dos sorrisos, não se encontra no curso previsível da vida.', 'Porém, se nos distraímos do calendário, ou se o acaso dos passos nos empurrou para fora do caminho habitual, então as coisas são outras.', 'Nada do que se espera transforma o que somos se não for isso: um desvio no olhar; ou a mão que se demora no teu ombro, forçando uma aproximação dos lábios.']";"Nunca são as coisas mais simples que aparecem quando as esperamos. O que é mais simples, como o amor, ou o mais evidente dos sorrisos, não se encontra no curso previsível da vida. Porém, se nos distraímos do calendário, ou se o acaso dos passos nos empurrou para fora do caminho habitual, então as coisas são outras. Nada do que se espera transforma o que somos se não for isso: um desvio no olhar; ou a mão que se demora no teu ombro, forçando uma aproximação dos lábios."
72;['Devias estar aqui rente aos meus lábios para dividir contigo esta amargura dos meus dias partidos um a um - Eu vi a terra limpa no teu rosto, Só no teu rosto e nunca em mais nenhum'];Devias estar aqui rente aos meus lábios para dividir contigo esta amargura dos meus dias partidos um a um - Eu vi a terra limpa no teu rosto, Só no teu rosto e nunca em mais nenhum
73;['Temos, todos que vivemos, Uma vida que é vivida E outra vida que é pensada, E a única vida que temos É essa que é dividida', 'Entre a verdadeira e a errada.'];Temos, todos que vivemos, Uma vida que é vivida E outra vida que é pensada, E a única vida que temos É essa que é dividida Entre a verdadeira e a errada.
74;['Que pode uma criatura senão, entre outras criaturas, amar?', 'amar e esquecer, amar e malamar, amar, desamar, amar?', 'sempre, e até de olhos vidrados, amar?'];Que pode uma criatura senão, entre outras criaturas, amar? amar e esquecer, amar e malamar, amar, desamar, amar? sempre, e até de olhos vidrados, amar?
75;['Hoje roubei todas as rosas dos jardins e cheguei ao pé de ti de mãos vazias.'];Hoje roubei todas as rosas dos jardins e cheguei ao pé de ti de mãos vazias.
76;['Nomeei-te no meio dos meus sonhos chamei por ti na minha solidão troquei o céu azul pelos teus olhos e o meu sólido chão pelo teu amor'];Nomeei-te no meio dos meus sonhos chamei por ti na minha solidão troquei o céu azul pelos teus olhos e o meu sólido chão pelo teu amor
77;['Quem construiu Tebas, a das sete portas?', 'Nos livros vem o nome dos reis, Mas foram os reis que transportaram as pedras?', 'Babilónia, tantas vezes destruida, Quem outras tantas a reconstruiu?', 'Em que casas Da Lima Dourada moravam seus obreiros?', 'No dia em que ficou pronta a Muralha da China para onde Foram os seus pedreiros?', 'A grande Roma Está cheia de arcos de triunfo.', 'Quem os ergueu?', 'Sobre quem Triunfaram os Césares?', 'A tão cantada Bizâncio Sò tinha palácios', 'Para os seus habitantes?', 'Até a legendária Atlântida', 'Na noite em que o mar a engoliu Viu afogados gritar por seus escravos.', 'O jovem Alexandre conquistou as Indias Sózinho?', 'César venceu os gauleses.', 'Nem sequer tinha um cozinheiro ao seu serviço?', 'Quando a sua armada se afundou Filipe de Espanha Chorou.', 'E ninguém mais?', 'Frederico II ganhou a guerra dos sete anos', 'Quem mais a ganhou?', 'Em cada página uma vitòria.', 'Quem cozinhava os festins?', 'Em cada década um grande homem.', 'Quem pagava as despesas?', 'Tantas histórias', 'Quantas perguntas'];Quem construiu Tebas, a das sete portas? Nos livros vem o nome dos reis, Mas foram os reis que transportaram as pedras? Babilónia, tantas vezes destruida, Quem outras tantas a reconstruiu? Em que casas Da Lima Dourada moravam seus obreiros? No dia em que ficou pronta a Muralha da China para onde Foram os seus pedreiros? A grande Roma Está cheia de arcos de triunfo. Quem os ergueu? Sobre quem Triunfaram os Césares? A tão cantada Bizâncio Sò tinha palácios Para os seus habitantes? Até a legendária Atlântida Na noite em que o mar a engoliu Viu afogados gritar por seus escravos. O jovem Alexandre conquistou as Indias Sózinho? César venceu os gauleses. Nem sequer tinha um cozinheiro ao seu serviço? Quando a sua armada se afundou Filipe de Espanha Chorou. E ninguém mais? Frederico II ganhou a guerra dos sete anos Quem mais a ganhou? Em cada página uma vitòria. Quem cozinhava os festins? Em cada década um grande homem. Quem pagava as despesas? Tantas histórias Quantas perguntas
78;['Cai a pluma rítmico suspense do sinistro nas espumas primordiais de onde há pouco sobressaltara seu delírio a um cimo fenescido pela neutralidade idêntica do abismo'];Cai a pluma rítmico suspense do sinistro nas espumas primordiais de onde há pouco sobressaltara seu delírio a um cimo fenescido pela neutralidade idêntica do abismo
79;['Desconfiai do mais trivial, na aparência singelo.', 'E examinai, sobretudo, o que parece habitual.', 'Suplicamos expressamente: não aceiteis o que é de hábito como coisa natural, pois em tempo de desordem sangrenta, de confusão organizada, de arbitrariedade consciente, de humanidade desumanizada, nada deve parecer natural nada deve parecer impossível de mudar.'];Desconfiai do mais trivial, na aparência singelo. E examinai, sobretudo, o que parece habitual. Suplicamos expressamente: não aceiteis o que é de hábito como coisa natural, pois em tempo de desordem sangrenta, de confusão organizada, de arbitrariedade consciente, de humanidade desumanizada, nada deve parecer natural nada deve parecer impossível de mudar.
80;['Eles não sabem que o sonho é uma constante da vida tão concreta e definida como outra coisa qualquer, como esta pedra cinzenta em que me sento e descanso, como este ribeiro manso em serenos sobressaltos, como estes pinheiros altos que em verde e oiro se agitam, como estas aves que gritam em bebedeiras de azul.', 'Eles não sabem que o sonho é vinho, é espuma, é fermento, bichinho álacre e sedento, de focinho pontiagudo, que fossa através de tudo num perpétuo movimento.', 'Eles não sabem que o sonho é tela, é cor, é pincel, base, fuste, capitel, arco em ogiva, vitral, pináculo de catedral, contraponto, sinfonia, máscara grega, magia, que é retorta de alquimista, mapa do mundo distante, rosa-dos-ventos, Infante, caravela quinhentista, que é Cabo da Boa Esperança, ouro, canela, marfim, florete de espadachim, bastidor, passo de dança, Colombina e Arlequim, passarola voadora, pára-raios, locomotiva, barco de proa festiva, alto-forno, geradora, cisão do átomo, radar, ultra-som, televisão, desembarque em foguetão na superfície lunar.', 'Eles não sabem, nem sonham, que o sonho comanda a vida.', 'Que sempre que um homem sonha o mundo pula e avança como bola colorida entre as mãos de uma criança.'];Eles não sabem que o sonho é uma constante da vida tão concreta e definida como outra coisa qualquer, como esta pedra cinzenta em que me sento e descanso, como este ribeiro manso em serenos sobressaltos, como estes pinheiros altos que em verde e oiro se agitam, como estas aves que gritam em bebedeiras de azul. Eles não sabem que o sonho é vinho, é espuma, é fermento, bichinho álacre e sedento, de focinho pontiagudo, que fossa através de tudo num perpétuo movimento. Eles não sabem que o sonho é tela, é cor, é pincel, base, fuste, capitel, arco em ogiva, vitral, pináculo de catedral, contraponto, sinfonia, máscara grega, magia, que é retorta de alquimista, mapa do mundo distante, rosa-dos-ventos, Infante, caravela quinhentista, que é Cabo da Boa Esperança, ouro, canela, marfim, florete de espadachim, bastidor, passo de dança, Colombina e Arlequim, passarola voadora, pára-raios, locomotiva, barco de proa festiva, alto-forno, geradora, cisão do átomo, radar, ultra-som, televisão, desembarque em foguetão na superfície lunar. Eles não sabem, nem sonham, que o sonho comanda a vida. Que sempre que um homem sonha o mundo pula e avança como bola colorida entre as mãos de uma criança.
83;['Sim, sei bem Que nunca serei alguém.', 'Sei de sobra Que nunca terei uma obra.', 'Sei, enfim, Que nunca saberei de mim.', 'Sim, mas agora, Enquanto dura esta hora, Este luar, estes ramos, Esta paz em que estamos, Deixem-me crer', 'O que nunca poderei ser.'];Sim, sei bem Que nunca serei alguém. Sei de sobra Que nunca terei uma obra. Sei, enfim, Que nunca saberei de mim. Sim, mas agora, Enquanto dura esta hora, Este luar, estes ramos, Esta paz em que estamos, Deixem-me crer O que nunca poderei ser.
84;['Foi para ti que criei as rosas.', 'Foi para ti que lhes dei perfume.', 'Para ti rasguei ribeiros e dei ás romãs a cor do lume.'];Foi para ti que criei as rosas. Foi para ti que lhes dei perfume. Para ti rasguei ribeiros e dei ás romãs a cor do lume.
85;['Deixa dizer-te os lindos versos raros', 'Que a minha boca tem pra te dizer!', 'São talhados em mármore de Paros Cinzelados por mim pra te oferecer.', 'Têm dolência de veludos caros, São como sedas pálidas a arder...', 'Deixa dizer-te os lindos versos raros Que foram feitos pra te endoidecer!', 'Mas, meu Amor, eu não tos digo ainda...', 'Que a boca da mulher é sempre linda Se dentro guarda um verso que não diz!', 'Amo-te tanto!', 'E nunca te beijei...', 'E nesse beijo, Amor, que eu te não dei Guardo os versos mais lindos que te fiz!'];Deixa dizer-te os lindos versos raros Que a minha boca tem pra te dizer! São talhados em mármore de Paros Cinzelados por mim pra te oferecer. Têm dolência de veludos caros, São como sedas pálidas a arder... Deixa dizer-te os lindos versos raros Que foram feitos pra te endoidecer! Mas, meu Amor, eu não tos digo ainda... Que a boca da mulher é sempre linda Se dentro guarda um verso que não diz! Amo-te tanto! E nunca te beijei... E nesse beijo, Amor, que eu te não dei Guardo os versos mais lindos que te fiz!
86;"['Morre lentamente quem se transforma em escravo do hábito, repetindo todos os dias os mesmos trajectos, quem não muda de marca Não se arrisca a vestir uma nova cor ou não conversa com quem não conhece.', 'Morre lentamente quem faz da televisão o seu guru.', 'Morre lentamente quem evita uma paixão, quem prefere o negro sobre o branco e os pontos sobre os ""is"" em detrimento de um redemoinho de emoções, justamente as que resgatam o brilho dos olhos, sorrisos dos bocejos, corações aos tropeços e sentimentos.', 'Morre lentamente quem não vira a mesa quando está infeliz com o seu trabalho, quem não arrisca o certo pelo incerto para ir atrás de um sonho, quem não se permite pelo menos uma vez na vida, fugir dos conselhos sensatos.', 'Morre lentamente quem não viaja, quem não lê, quem não ouve música, quem não encontra graça em si mesmo.', 'Morre lentamente quem destrói o seu amor-próprio, quem não se deixa ajudar.', 'Morre lentamente, quem passa os dias queixando-se da sua má sorte ou da chuva incessante.', 'Morre lentamente, quem abandona um projecto antes de iniciá-lo, não pergunta sobre um assunto que desconhece ou não responde quando lhe indagam sobre algo que sabe.', 'Evitemos a morte em doses suaves, recordando sempre que estar vivo exige um esforço muito maior que o simples fato de respirar.', 'Somente a perseverança fará com que conquistemos um estágio esplêndido de felicidade.']";"Morre lentamente quem se transforma em escravo do hábito, repetindo todos os dias os mesmos trajectos, quem não muda de marca Não se arrisca a vestir uma nova cor ou não conversa com quem não conhece. Morre lentamente quem faz da televisão o seu guru. Morre lentamente quem evita uma paixão, quem prefere o negro sobre o branco e os pontos sobre os ""is"" em detrimento de um redemoinho de emoções, justamente as que resgatam o brilho dos olhos, sorrisos dos bocejos, corações aos tropeços e sentimentos. Morre lentamente quem não vira a mesa quando está infeliz com o seu trabalho, quem não arrisca o certo pelo incerto para ir atrás de um sonho, quem não se permite pelo menos uma vez na vida, fugir dos conselhos sensatos. Morre lentamente quem não viaja, quem não lê, quem não ouve música, quem não encontra graça em si mesmo. Morre lentamente quem destrói o seu amor-próprio, quem não se deixa ajudar. Morre lentamente, quem passa os dias queixando-se da sua má sorte ou da chuva incessante. Morre lentamente, quem abandona um projecto antes de iniciá-lo, não pergunta sobre um assunto que desconhece ou não responde quando lhe indagam sobre algo que sabe. Evitemos a morte em doses suaves, recordando sempre que estar vivo exige um esforço muito maior que o simples fato de respirar. Somente a perseverança fará com que conquistemos um estágio esplêndido de felicidade."
87;['dizem que a paixão o conheceu mas hoje vive escondido nuns óculos escuros senta-se no estremecer da noite enumera o que lhe sobejou do adolescente rosto turvo pela ligeira náusea da velhice conhece a solidão de quem permanece acordado quase sempre estendido ao lado do sono pressente o suave esvoaçar da idade ergue-se para o espelho que lhe devolve um sorriso tamanho do medo', 'dizem que vive na transparência do sonho à beira-mar envelheceu vagarosamente sem que nenhuma ternura nenhuma alegria nenhum ofício cantante o tenha convencido a permanecer entre os vivos'];dizem que a paixão o conheceu mas hoje vive escondido nuns óculos escuros senta-se no estremecer da noite enumera o que lhe sobejou do adolescente rosto turvo pela ligeira náusea da velhice conhece a solidão de quem permanece acordado quase sempre estendido ao lado do sono pressente o suave esvoaçar da idade ergue-se para o espelho que lhe devolve um sorriso tamanho do medo dizem que vive na transparência do sonho à beira-mar envelheceu vagarosamente sem que nenhuma ternura nenhuma alegria nenhum ofício cantante o tenha convencido a permanecer entre os vivos
88;"['Sê paciente; espera que a palavra amadureça e se desprenda como um fruto ao passar o vento que a mereça.']";"Sê paciente; espera que a palavra amadureça e se desprenda como um fruto ao passar o vento que a mereça."
89;['fingir que está tudo bem: o corpo rasgado e vestido com roupa passada a ferro, rastos de chamas dentro do corpo, gritos desesperados sob as conversas: fingir que está tudo bem: olhas-me e só tu sabes: na rua onde os nossos olhares se encontram é noite: as pessoas não imaginam:', 'são tão ridículas as pessoas, tão desprezíveis: as pessoas falam e não imaginam:', 'nós olhamo-nos: fingir que está tudo bem: o sangue a ferver sob a pele igual aos dias antes de tudo, tempestades de medo nos lábios a sorrir:', 'será que vou morrer?', ', pergunto dentro de mim: será que vou morrer?', 'olhas-me e só tu sabes: ferros em brasa, fogo, silêncio e chuva que não se pode dizer:', 'amor e morte:', 'fingir que está tudo bem: ter de sorrir: um oceano que nos queima, um incêndio que nos afoga.'];fingir que está tudo bem: o corpo rasgado e vestido com roupa passada a ferro, rastos de chamas dentro do corpo, gritos desesperados sob as conversas: fingir que está tudo bem: olhas-me e só tu sabes: na rua onde os nossos olhares se encontram é noite: as pessoas não imaginam: são tão ridículas as pessoas, tão desprezíveis: as pessoas falam e não imaginam: nós olhamo-nos: fingir que está tudo bem: o sangue a ferver sob a pele igual aos dias antes de tudo, tempestades de medo nos lábios a sorrir: será que vou morrer?, pergunto dentro de mim: será que vou morrer? olhas-me e só tu sabes: ferros em brasa, fogo, silêncio e chuva que não se pode dizer: amor e morte: fingir que está tudo bem: ter de sorrir: um oceano que nos queima, um incêndio que nos afoga.
90;['há-de flutuar uma cidade no crepúsculo da vida pensava eu...', 'como seriam felizes as mulheres à beira mar debruçadas para a luz caiada remendando o pano das velas espiando o mar e a longitude do amor embarcado por vezes uma gaivota pousava nas águas outras era o sol que cegava e um dardo de sangue alastrava pelo linho da noite os dias lentíssimos...', 'sem ninguém e nunca me disseram o nome daquele oceano esperei sentada à porta...', 'dantes escrevia cartas punha-me a olhar a risca de mar ao fundo da rua assim envelheci... acreditando que algum homem ao passar se espantasse com a minha solidão (anos mais tarde, recordo agora, cresceu-me uma pérola no coração.', 'mas estou só, muito só, não tenho a quem a deixar.) um dia houve que nunca mais avistei cidades crepusculares e os barcos deixaram de fazer escala à minha porta inclino-me de novo para o pano deste século recomeço a bordar ou a dormir tanto faz sempre tive dúvidas que alguma vez me visite a felicidade'];há-de flutuar uma cidade no crepúsculo da vida pensava eu... como seriam felizes as mulheres à beira mar debruçadas para a luz caiada remendando o pano das velas espiando o mar e a longitude do amor embarcado por vezes uma gaivota pousava nas águas outras era o sol que cegava e um dardo de sangue alastrava pelo linho da noite os dias lentíssimos... sem ninguém e nunca me disseram o nome daquele oceano esperei sentada à porta... dantes escrevia cartas punha-me a olhar a risca de mar ao fundo da rua assim envelheci... acreditando que algum homem ao passar se espantasse com a minha solidão (anos mais tarde, recordo agora, cresceu-me uma pérola no coração. mas estou só, muito só, não tenho a quem a deixar.) um dia houve que nunca mais avistei cidades crepusculares e os barcos deixaram de fazer escala à minha porta inclino-me de novo para o pano deste século recomeço a bordar ou a dormir tanto faz sempre tive dúvidas que alguma vez me visite a felicidade
91;['Não posso adiar o amor para outro século não posso ainda que o grito sufoque na garganta ainda que o ódio estale e crepite e arda sob as montanhas cinzentas e montanhas cinzentas Não posso adiar este braço que é uma arma de dois gumes amor e ódio Não posso adiar ainda que a noite pese séculos sobre as costas e a aurora indecisa demore não posso adiar para outro século a minha vida nem o meu amor nem o meu grito de libertação Não posso adiar o coração.'];Não posso adiar o amor para outro século não posso ainda que o grito sufoque na garganta ainda que o ódio estale e crepite e arda sob as montanhas cinzentas e montanhas cinzentas Não posso adiar este braço que é uma arma de dois gumes amor e ódio Não posso adiar ainda que a noite pese séculos sobre as costas e a aurora indecisa demore não posso adiar para outro século a minha vida nem o meu amor nem o meu grito de libertação Não posso adiar o coração.
92;['1.', 'Sê tu a palavra, branca rosa brava.', '2.', 'Só o desejo é matinal.', '3.', 'Poupar o coração é permitir à morte coroar-se de alegria.', '4.', 'Morre de ter ousado na água amar o fogo.', '5.', 'Beber-te a sede e partir - eu sou de tão longe.', '6.', 'Da chama à espada o caminho é solitário.', '7.', 'Que me quereis, se me não dais o que é tão meu?'];1. Sê tu a palavra, branca rosa brava. 2. Só o desejo é matinal. 3. Poupar o coração é permitir à morte coroar-se de alegria. 4. Morre de ter ousado na água amar o fogo. 5. Beber-te a sede e partir - eu sou de tão longe. 6. Da chama à espada o caminho é solitário. 7. Que me quereis, se me não dais o que é tão meu?
94;['Quero voar -mas saem da lama garras de chão que me prendem os tornozelos.', 'Quero morrer -mas descem das nuvens braços de angústia que me seguram pelos cabelos.', 'E assim suspenso no clamor da tempestade como um saco de problemas -tapo os olhos com as lágrimas para não ver as algemas...', '(Mas qualquer balouçar ao vento me parece Liberdade.)'];Quero voar -mas saem da lama garras de chão que me prendem os tornozelos. Quero morrer -mas descem das nuvens braços de angústia que me seguram pelos cabelos. E assim suspenso no clamor da tempestade como um saco de problemas -tapo os olhos com as lágrimas para não ver as algemas... (Mas qualquer balouçar ao vento me parece Liberdade.)
95;['É claro que a vida é boa E a alegria, a única indizível emoção É claro que te acho linda', 'Em ti bendigo o amor das coisas simples É claro que te amo E tenho tudo para ser feliz', 'Mas acontece que eu sou triste...'];É claro que a vida é boa E a alegria, a única indizível emoção É claro que te acho linda Em ti bendigo o amor das coisas simples É claro que te amo E tenho tudo para ser feliz Mas acontece que eu sou triste...
96;['Um beijo em lábios é que se demora e tremem no abrir-se a dentes línguas tão penetrantes quanto línguas podem.', 'Mais beijo é mais.', 'É boca aberta hiante para de encher-se ao que se mova nela.', 'É dentes se apertando delicados.', 'É língua que na boca se agitando irá de um corpo inteiro descobrir o gosto e sobretudo o que se oculta em sombras e nos recantos em cabelos vive.', 'É beijo tudo o que de lábios seja quanto de lábios se deseja.'];Um beijo em lábios é que se demora e tremem no abrir-se a dentes línguas tão penetrantes quanto línguas podem. Mais beijo é mais. É boca aberta hiante para de encher-se ao que se mova nela. É dentes se apertando delicados. É língua que na boca se agitando irá de um corpo inteiro descobrir o gosto e sobretudo o que se oculta em sombras e nos recantos em cabelos vive. É beijo tudo o que de lábios seja quanto de lábios se deseja.
97;['Estou farto do lirismo comedido Do lirismo bem comportado Do lirismo funcionário público com livro de ponto expediente protocolo e manifestações de apreço ao Sr. Diretor.', 'Estou farto do lirismo que pára e vai averiguar no dicionário o cunho vernáculo de um vocábulo.', 'Abaixo os puristas', 'Todas as palavras sobretudo os barbarismos universais', 'Todas as construções sobretudo as sintaxes de excepção', 'Todos os ritmos sobretudo os inumeráveis Estou farto do lirismo namorador Político Raquítico Sifilítico', 'De todo lirismo que capitula ao que quer que seja fora de si mesmo', 'De resto não é lirismo Será contabilidade tabela de co-senos secretário do amante exemplar com cem modelos de cartas e as diferentes maneiras de agradar às mulheres, etc.', 'Quero antes o lirismo dos loucos', 'O lirismo dos bêbados', 'O lirismo difícil e pungente dos bêbedos', 'O lirismo dos clowns de Shakespeare - Não quero mais saber do lirismo que não é libertação.'];Estou farto do lirismo comedido Do lirismo bem comportado Do lirismo funcionário público com livro de ponto expediente protocolo e manifestações de apreço ao Sr. Diretor. Estou farto do lirismo que pára e vai averiguar no dicionário o cunho vernáculo de um vocábulo. Abaixo os puristas Todas as palavras sobretudo os barbarismos universais Todas as construções sobretudo as sintaxes de excepção Todos os ritmos sobretudo os inumeráveis Estou farto do lirismo namorador Político Raquítico Sifilítico De todo lirismo que capitula ao que quer que seja fora de si mesmo De resto não é lirismo Será contabilidade tabela de co-senos secretário do amante exemplar com cem modelos de cartas e as diferentes maneiras de agradar às mulheres, etc. Quero antes o lirismo dos loucos O lirismo dos bêbados O lirismo difícil e pungente dos bêbedos O lirismo dos clowns de Shakespeare - Não quero mais saber do lirismo que não é libertação.
98;['Vem sentar-te comigo, Lídia, à beira do rio.', 'Sossegadamente fitemos o seu curso e aprendamos Que a vida passa, e não estamos de mãos enlaçadas.', '(Enlaçemos as mãos).', 'Depois pensemos, crianças adultas, que a vida Passa e não fica, nada deixa e nunca regressa, Vai para um mar muito longe, para o pé do Fado, Mais longe que os deuses.', 'Desenlacemos as mãos, porque não vale a pena cansarmo-nos.', 'Quer gozemos, quer não gozemos, passamos como o rio.', 'Mais vale saber passar silenciosamente.', 'E sem desassossegos grandes.'];Vem sentar-te comigo, Lídia, à beira do rio. Sossegadamente fitemos o seu curso e aprendamos Que a vida passa, e não estamos de mãos enlaçadas. (Enlaçemos as mãos). Depois pensemos, crianças adultas, que a vida Passa e não fica, nada deixa e nunca regressa, Vai para um mar muito longe, para o pé do Fado, Mais longe que os deuses. Desenlacemos as mãos, porque não vale a pena cansarmo-nos. Quer gozemos, quer não gozemos, passamos como o rio. Mais vale saber passar silenciosamente. E sem desassossegos grandes.
99;['Em todas as ruas te encontro em todas as ruas te perco conheço tão bem o teu corpo sonhei tanto a tua figura que é de olhos fechados que eu ando a limitar a tua altura e bebo a água e sorvo o ar que te atravessou a cintura tanto tão perto tão real que o meu corpo se transfigura e toca o seu próprio elemento num corpo que já não é seu num rio que desapareceu onde um braço teu me procura Em todas as ruas te encontro em todas as ruas te perco'];Em todas as ruas te encontro em todas as ruas te perco conheço tão bem o teu corpo sonhei tanto a tua figura que é de olhos fechados que eu ando a limitar a tua altura e bebo a água e sorvo o ar que te atravessou a cintura tanto tão perto tão real que o meu corpo se transfigura e toca o seu próprio elemento num corpo que já não é seu num rio que desapareceu onde um braço teu me procura Em todas as ruas te encontro em todas as ruas te perco
100;['Da alma e de quanto tiver Quero que me despojeis, contanto que me deixeis Os olhos para vos ver.'];Da alma e de quanto tiver Quero que me despojeis, contanto que me deixeis Os olhos para vos ver.
